from,to,event,routing_key,from_team,to_team
anzeigenverwaltung,jobmensa,anzeige-beendet,anzeigenverwaltung.anzeige-beendet,Jobmensa,Jobmensa
anzeigenverwaltung,jobmensa,anzeige-geschaltet,anzeigenverwaltung.anzeige-geschaltet,Jobmensa,Jobmensa
anzeigenverwaltung,jobsearch,anzeige-geschaltet,anzeigenverwaltung.anzeige-geschaltet,Jobmensa,<Unknown>
anzeigenverwaltung,jobsearch,calendly-team-kalender-ausgewaehlt,anzeigenverwaltung.calendly-team-kalender-ausgewaehlt,Jobmensa,<Unknown>
arbeitnehmerdaten,timetracking,arbeitnehmerdaten-benoetigt,arbeitnehmerdaten.arbeitnehmerdaten-benoetigt,<Unknown>,<Unknown>
arbeitsentgelt,matcheese,stundenlohn-festgelegt,arbeitsentgelt.stundenlohn-festgelegt,Jehovakel,<Unknown>
arbeitsentgelt,shinobi,stundenlohn-festgelegt,arbeitsentgelt.stundenlohn-festgelegt,Jehovakel,Phteinpferd
arbeitsentgelt,shinobi,stundenlohn-geloescht,arbeitsentgelt.stundenlohn-geloescht,Jehovakel,Phteinpferd
arbeitsentgelt,studentenanstellung,stundenlohn-festgelegt,arbeitsentgelt.stundenlohn-festgelegt,Jehovakel,StudentServices
arbeitsentgelt,studentenanstellung,stundenlohn-geloescht,arbeitsentgelt.stundenlohn-geloescht,Jehovakel,StudentServices
arbeitsentgelt,sv-einordnung,arbeitnehmer-abgerechnet,arbeitsentgelt.arbeitnehmer-abgerechnet,Jehovakel,Jehovakel
arbeitszeitbestaetigung,freigabe,abweichende-arbeitszeit-von-unternehmen-erfasst,arbeitszeitbestaetigung.abweichende-arbeitszeit-von-unternehmen-erfasst,Corporate,Jehovakel
arbeitszeitbestaetigung,freigabe,arbeitszeit-von-unternehmen-bestaetigt,arbeitszeitbestaetigung.arbeitszeit-von-unternehmen-bestaetigt,Corporate,Jehovakel
arbeitszeitbestaetigung,freigabe,gesamte-arbeitszeit-von-unternehmen-abgelehnt,arbeitszeitbestaetigung.gesamte-arbeitszeit-von-unternehmen-abgelehnt,Corporate,Jehovakel
arbeitszeitbestaetigung,freigabe,noshow-von-unternehmen-gemeldet,arbeitszeitbestaetigung.noshow-von-unternehmen-gemeldet,Corporate,Jehovakel
assessment,matcheese,sprachkenntnis-bewertet,assessment.sprachkenntnis-bewertet,Phteinpferd,<Unknown>
assessment,matcheese,student-fuer-studitemps-geeignet,assessment.student-fuer-studitemps-geeignet,Phteinpferd,<Unknown>
assessment,matcheese,student-fuer-taetigkeitsfelder-geeignet,assessment.student-fuer-taetigkeitsfelder-geeignet,Phteinpferd,<Unknown>
assessment,matcheese,student-nicht-fuer-studitemps-geeignet,assessment.student-nicht-fuer-studitemps-geeignet,Phteinpferd,<Unknown>
assessment,matcheese,weitere-eigenschaften-bewertet,assessment.weitere-eigenschaften-bewertet,Phteinpferd,<Unknown>
auftragserstellung,einsatzplanung,auftrag-erstellt,auftragserstellung.auftrag-erstellt,Phteinpferd,<Unknown>
auftragserstellung,freigabe,auftrag-erstellt,auftragserstellung.auftrag-erstellt,Phteinpferd,Jehovakel
auftragserstellung,kundenfeedback,auftrag-erstellt,auftragserstellung.auftrag-erstellt,Phteinpferd,Corporate
auftragserstellung,legal,auftrag-erstellt,auftragserstellung.auftrag-erstellt,Phteinpferd,<Unknown>
auftragserstellung,matcheese,auftrag-erstellt,auftragserstellung.auftrag-erstellt,Phteinpferd,<Unknown>
auftragserstellung,rechnungsstellung,auftrag-erstellt,auftragserstellung.auftrag-erstellt,Phteinpferd,Jehovakel
auftragserstellung,schichtbestellung,auftrag-erstellt,auftragserstellung.auftrag-erstellt,Phteinpferd,Corporate
auftragskonfiguration,einsatzplanung,ansprechpartner-fuer-mitarbeiterliste-festgelegt,auftragskonfiguration.ansprechpartner-fuer-mitarbeiterliste-festgelegt,Phteinpferd,<Unknown>
auftragskonfiguration,einsatzplanung,auftrag-geloescht,auftragskonfiguration.auftrag-geloescht,Phteinpferd,<Unknown>
auftragskonfiguration,einsatzplanung,individueller-taetigkeitsprofilname-festgelegt,auftragskonfiguration.individueller-taetigkeitsprofilname-festgelegt,Phteinpferd,<Unknown>
auftragskonfiguration,einsatzplanung,studitemps-ansprechpartner-festgelegt,auftragskonfiguration.studitemps-ansprechpartner-festgelegt,Phteinpferd,<Unknown>
auftragskonfiguration,einsatzplanung,taetigkeitsprofil-festgelegt,auftragskonfiguration.taetigkeitsprofil-festgelegt,Phteinpferd,<Unknown>
auftragskonfiguration,einsatzplanung,unternehmenskontakt-fuer-zeiterfassung-festgelegt,auftragskonfiguration.unternehmenskontakt-fuer-zeiterfassung-festgelegt,Phteinpferd,<Unknown>
auftragskonfiguration,einsatzplanung,zendesk-sell-unternehmen-verknuepft,auftragskonfiguration.zendesk-sell-unternehmen-verknuepft,Phteinpferd,<Unknown>
auftragskonfiguration,freigabe,unternehmensname-hinterlegt,auftragskonfiguration.unternehmensname-hinterlegt,Phteinpferd,Jehovakel
auftragskonfiguration,freigabe,zeiterfassungsart-festgelegt,auftragskonfiguration.zeiterfassungsart-festgelegt,Phteinpferd,Jehovakel
auftragskonfiguration,jobmensa,zeiterfassungsart-festgelegt,auftragskonfiguration.zeiterfassungsart-festgelegt,Phteinpferd,Jobmensa
auftragskonfiguration,kundenfeedback,auftrag-geloescht,auftragskonfiguration.auftrag-geloescht,Phteinpferd,Corporate
auftragskonfiguration,kundenfeedback,individueller-taetigkeitsprofilname-festgelegt,auftragskonfiguration.individueller-taetigkeitsprofilname-festgelegt,Phteinpferd,Corporate
auftragskonfiguration,kundenfeedback,taetigkeitsprofil-festgelegt,auftragskonfiguration.taetigkeitsprofil-festgelegt,Phteinpferd,Corporate
auftragskonfiguration,kundenverwaltung,ansprechpartner-fuer-mitarbeiterliste-festgelegt,auftragskonfiguration.ansprechpartner-fuer-mitarbeiterliste-festgelegt,Phteinpferd,Corporate
auftragskonfiguration,kundenverwaltung,studitemps-ansprechpartner-festgelegt,auftragskonfiguration.studitemps-ansprechpartner-festgelegt,Phteinpferd,Corporate
auftragskonfiguration,kundenverwaltung,unternehmenskontakt-fuer-zeiterfassung-festgelegt,auftragskonfiguration.unternehmenskontakt-fuer-zeiterfassung-festgelegt,Phteinpferd,Corporate
auftragskonfiguration,kundenverwaltung,unternehmenskontakt-hinzugefuegt,auftragskonfiguration.unternehmenskontakt-hinzugefuegt,Phteinpferd,Corporate
auftragskonfiguration,kundenverwaltung,zendesk-sell-unternehmen-verknuepft,auftragskonfiguration.zendesk-sell-unternehmen-verknuepft,Phteinpferd,Corporate
auftragskonfiguration,legal,ansprechpartner-fuer-mitarbeiterliste-festgelegt,auftragskonfiguration.ansprechpartner-fuer-mitarbeiterliste-festgelegt,Phteinpferd,<Unknown>
auftragskonfiguration,legal,individueller-taetigkeitsprofilname-festgelegt,auftragskonfiguration.individueller-taetigkeitsprofilname-festgelegt,Phteinpferd,<Unknown>
auftragskonfiguration,legal,taetigkeitsprofil-festgelegt,auftragskonfiguration.taetigkeitsprofil-festgelegt,Phteinpferd,<Unknown>
auftragskonfiguration,legal,unternehmensname-hinterlegt,auftragskonfiguration.unternehmensname-hinterlegt,Phteinpferd,<Unknown>
auftragskonfiguration,legal,zendesk-sell-unternehmen-verknuepft,auftragskonfiguration.zendesk-sell-unternehmen-verknuepft,Phteinpferd,<Unknown>
auftragskonfiguration,matcheese,auftrag-fuer-rekrutierung-relevant,auftragskonfiguration.auftrag-fuer-rekrutierung-relevant,Phteinpferd,<Unknown>
auftragskonfiguration,matcheese,auftrag-geloescht,auftragskonfiguration.auftrag-geloescht,Phteinpferd,<Unknown>
auftragskonfiguration,matcheese,auftrag-markiert,auftragskonfiguration.auftrag-markiert,Phteinpferd,<Unknown>
auftragskonfiguration,matcheese,auftrag-nicht-fuer-rekrutierung-relevant,auftragskonfiguration.auftrag-nicht-fuer-rekrutierung-relevant,Phteinpferd,<Unknown>
auftragskonfiguration,matcheese,auftragsmarkierung-entfernt,auftragskonfiguration.auftragsmarkierung-entfernt,Phteinpferd,<Unknown>
auftragskonfiguration,matcheese,automatisches-matching-aktiviert,auftragskonfiguration.automatisches-matching-aktiviert,Phteinpferd,<Unknown>
auftragskonfiguration,matcheese,automatisches-matching-deaktiviert,auftragskonfiguration.automatisches-matching-deaktiviert,Phteinpferd,<Unknown>
auftragskonfiguration,matcheese,buchen-von-einsatzzeiten-freigeschaltet,auftragskonfiguration.buchen-von-einsatzzeiten-freigeschaltet,Phteinpferd,<Unknown>
auftragskonfiguration,matcheese,einbuchen-in-schichten-freigeschaltet,auftragskonfiguration.einbuchen-in-schichten-freigeschaltet,Phteinpferd,<Unknown>
auftragskonfiguration,matcheese,freischaltung-fuer-buchen-von-einsatzzeiten-zurueckgezogen,auftragskonfiguration.freischaltung-fuer-buchen-von-einsatzzeiten-zurueckgezogen,Phteinpferd,<Unknown>
auftragskonfiguration,matcheese,freischaltung-fuer-einbuchen-in-schichten-zurueckgezogen,auftragskonfiguration.freischaltung-fuer-einbuchen-in-schichten-zurueckgezogen,Phteinpferd,<Unknown>
auftragskonfiguration,matcheese,individueller-taetigkeitsprofilname-festgelegt,auftragskonfiguration.individueller-taetigkeitsprofilname-festgelegt,Phteinpferd,<Unknown>
auftragskonfiguration,matcheese,taetigkeitsprofil-festgelegt,auftragskonfiguration.taetigkeitsprofil-festgelegt,Phteinpferd,<Unknown>
auftragskonfiguration,matcheese,unternehmensname-hinterlegt,auftragskonfiguration.unternehmensname-hinterlegt,Phteinpferd,<Unknown>
auftragskonfiguration,rechnungsstellung,unternehmensname-hinterlegt,auftragskonfiguration.unternehmensname-hinterlegt,Phteinpferd,Jehovakel
auftragskonfiguration,rechnungsstellung,zeiterfassungsart-festgelegt,auftragskonfiguration.zeiterfassungsart-festgelegt,Phteinpferd,Jehovakel
auftragskonfiguration,schichtbestellung,auftrag-geloescht,auftragskonfiguration.auftrag-geloescht,Phteinpferd,Corporate
auftragskonfiguration,schichtbestellung,individueller-taetigkeitsprofilname-festgelegt,auftragskonfiguration.individueller-taetigkeitsprofilname-festgelegt,Phteinpferd,Corporate
auftragskonfiguration,schichtbestellung,taetigkeitsprofil-festgelegt,auftragskonfiguration.taetigkeitsprofil-festgelegt,Phteinpferd,Corporate
auftragskonfiguration,schichteinbuchung,buchen-von-einsatzzeiten-freigeschaltet,auftragskonfiguration.buchen-von-einsatzzeiten-freigeschaltet,Phteinpferd,<Unknown>
auftragskonfiguration,schichteinbuchung,einbuchen-in-schichten-freigeschaltet,auftragskonfiguration.einbuchen-in-schichten-freigeschaltet,Phteinpferd,<Unknown>
auftragskonfiguration,schichteinbuchung,freischaltung-fuer-buchen-von-einsatzzeiten-zurueckgezogen,auftragskonfiguration.freischaltung-fuer-buchen-von-einsatzzeiten-zurueckgezogen,Phteinpferd,<Unknown>
auftragskonfiguration,schichteinbuchung,freischaltung-fuer-einbuchen-in-schichten-zurueckgezogen,auftragskonfiguration.freischaltung-fuer-einbuchen-in-schichten-zurueckgezogen,Phteinpferd,<Unknown>
auftragskonfiguration,studentenanstellung,einsatzinformationen-hinterlegt,auftragskonfiguration.einsatzinformationen-hinterlegt,Phteinpferd,StudentServices
auftragskonfiguration,studentenanstellung,einsatzort-festgelegt,auftragskonfiguration.einsatzort-festgelegt,Phteinpferd,StudentServices
auftragskonfiguration,studentenanstellung,individueller-taetigkeitsprofilname-festgelegt,auftragskonfiguration.individueller-taetigkeitsprofilname-festgelegt,Phteinpferd,StudentServices
auftragskonfiguration,studentenanstellung,studitemps-ansprechpartner-festgelegt,auftragskonfiguration.studitemps-ansprechpartner-festgelegt,Phteinpferd,StudentServices
auftragskonfiguration,studentenanstellung,unternehmenskontakt-fuer-einsatzinformationen-festgelegt,auftragskonfiguration.unternehmenskontakt-fuer-einsatzinformationen-festgelegt,Phteinpferd,StudentServices
auftragskonfiguration,studentenanstellung,zeiterfassungsart-festgelegt,auftragskonfiguration.zeiterfassungsart-festgelegt,Phteinpferd,StudentServices
auftragszuordnung,freigabe,arbeitszeit-zu-auftrag-zugeordnet,auftragszuordnung.arbeitszeit-zu-auftrag-zugeordnet,StudentServices,Jehovakel
bewerbung,datateam,auf-studitemps-auftrag-beworben	,bewerbung.auf-studitemps-auftrag-beworben	,Jobmensa,<Unknown>
bewerbung,jobmensa,auf-studitemps-auftrag-beworben,bewerbung.auf-studitemps-auftrag-beworben,Jobmensa,Jobmensa
clubhouse,jobmensa,changed,clubhouse.student.portal_completeness_for_student.changed,StudentServices,Jobmensa
clubhouse,jobmensa,mail,clubhouse.app.send.mail,StudentServices,Jobmensa
clubhouse,schichteinbuchung,inbound_domain_events,schichteinbuchung.inbound_domain_events,StudentServices,<Unknown>
clubhouse,shinobi,rejected,clubhouse.recruit.document.rejected,StudentServices,Phteinpferd
clubhouse,shinobi,verified,clubhouse.recruit.document.verified,StudentServices,Phteinpferd
clubhouse,studentenanstellung,inbound_domain_events,studentenanstellung.inbound_domain_events,StudentServices,StudentServices
clubhouse,studentenverwaltung,inbound_domain_events,studentenverwaltung.inbound_domain_events,StudentServices,Jobmensa
clubhouse,studentenzeiterfassung,inbound_domain_events,studentenzeiterfassung.inbound_domain_events,StudentServices,StudentServices
freigabe,arbeitsentgelt,arbeitszeit-fuer-payroll-freigegeben,freigabe.arbeitszeit-fuer-payroll-freigegeben,Jehovakel,Jehovakel
freigabe,arbeitsentgelt,arbeitszeit-geloescht,freigabe.arbeitszeit-geloescht,Jehovakel,Jehovakel
freigabe,arbeitszeitbestaetigung,arbeitszeit-abgelehnt,freigabe.arbeitszeit-abgelehnt,Jehovakel,Corporate
freigabe,arbeitszeitbestaetigung,arbeitszeit-durch-stille-zustimmung-von-unternehmen-bestaetigt,freigabe.arbeitszeit-durch-stille-zustimmung-von-unternehmen-bestaetigt,Jehovakel,Corporate
freigabe,arbeitszeitbestaetigung,arbeitszeit-fuer-billing-freigegeben,freigabe.arbeitszeit-fuer-billing-freigegeben,Jehovakel,Corporate
freigabe,arbeitszeitbestaetigung,arbeitszeit-geloescht,freigabe.arbeitszeit-geloescht,Jehovakel,Corporate
freigabe,arbeitszeitbestaetigung,bestaetigung-fuer-arbeitszeit-von-unternehmen-angefordert,freigabe.bestaetigung-fuer-arbeitszeit-von-unternehmen-angefordert,Jehovakel,Corporate
freigabe,rechnungsstellung,arbeitszeit-fuer-billing-freigegeben,freigabe.arbeitszeit-fuer-billing-freigegeben,Jehovakel,Jehovakel
freigabe,rechnungsstellung,arbeitszeit-geloescht,freigabe.arbeitszeit-geloescht,Jehovakel,Jehovakel
freigabe,rechnungsstellung,arbeitszeit-um-zusatz-erweitert,timetracking.arbeitszeit-um-zusatz-erweitert,Jehovakel,Jehovakel
freigabe,rechnungsstellung,recherche-abgeschlossen,freigabe.recherche-abgeschlossen,Jehovakel,Jehovakel
freigabe,studentenzeiterfassung,arbeitszeit-abgelehnt,freigabe.arbeitszeit-abgelehnt,Jehovakel,StudentServices
freigabe,studentenzeiterfassung,arbeitszeit-fuer-payroll-freigegeben,freigabe.arbeitszeit-fuer-payroll-freigegeben,Jehovakel,StudentServices
freigabe,studentenzeiterfassung,arbeitszeit-geloescht,freigabe.arbeitszeit-geloescht,Jehovakel,StudentServices
freigabe,sv-einordnung,arbeitszeit-fuer-payroll-freigegeben,freigabe.arbeitszeit-fuer-payroll-freigegeben,Jehovakel,Jehovakel
freigabe,sv-einordnung,arbeitszeit-geloescht,freigabe.arbeitszeit-geloescht,Jehovakel,Jehovakel
hutch,jobempfehlungen,jobmensa-anzeige-veroeffentlicht,anzeigenkunden.jobmensa-anzeige-veroeffentlicht,<Unknown>,<Unknown>
hutch,jobmensa,calendly-team-kalender-ausgewaehlt,anzeigenverwaltung.calendly-team-kalender-ausgewaehlt,<Unknown>,Jobmensa
hutch,jobmensa-benachrichtigungen,benachrichtige-studenten-ueber-neuen-job-sofort,jobempfehlungen.benachrichtige-studenten-ueber-neuen-job-sofort,<Unknown>,<Unknown>
hutch,jobsearch,anzeige-geschaltet,anzeigenverwaltung.anzeige-geschaltet,<Unknown>,<Unknown>
hutch,jobsearch,calendly-team-kalender-ausgewaehlt,anzeigenverwaltung.calendly-team-kalender-ausgewaehlt,<Unknown>,<Unknown>
hutch,jobsearch,jobmensa-anzeige-beendet,anzeigenkunden.jobmensa-anzeige-beendet,<Unknown>,<Unknown>
hutch,jobsearch,jobmensa-anzeige-veroeffentlicht,anzeigenkunden.jobmensa-anzeige-veroeffentlicht,<Unknown>,<Unknown>
jobempfehlungen,jobmensa-benachrichtigungen,benachrichtige-studenten-ueber-neuen-job-sofort,jobempfehlungen.benachrichtige-studenten-ueber-neuen-job-sofort,<Unknown>,<Unknown>
jobmensa,clubhouse,deleted,jobmensa.documents.deleted,Jobmensa,StudentServices
jobmensa,clubhouse,uploaded,jobmensa.documents.uploaded,Jobmensa,StudentServices
jobmensa,jobempfehlungen,jobmensa-anzeige-veroeffentlicht,anzeigenkunden.jobmensa-anzeige-veroeffentlicht,Jobmensa,<Unknown>
jobmensa,jobmensa-benachrichtigungen,benachrichtige-studenten-ueber-neuen-job-sofort,jobempfehlungen.benachrichtige-studenten-ueber-neuen-job-sofort,Jobmensa,<Unknown>
jobmensa,jobmensa-benachrichtigungen,erinnere-studenten-an-unvollstaendige-bewerbung,studentenverwaltung.erinnere-studenten-an-unvollstaendige-bewerbung,Jobmensa,<Unknown>
jobmensa,jobmensa-benachrichtigungen,sende-account-bestaetigungsmail-erneut,anzeigenkunden.sende-account-bestaetigungsmail-erneut,Jobmensa,<Unknown>
jobmensa,jobmensa-benachrichtigungen,sende-passwort-aendern-email,anzeigenkunden.sende-passwort-aendern-email,Jobmensa,<Unknown>
jobmensa,jobmensa-benachrichtigungen,unternehmensaccount-angelegt,anzeigenkunden.unternehmensaccount-angelegt,Jobmensa,<Unknown>
jobmensa,jobsearch,jobmensa-anzeige-beendet,anzeigenkunden.jobmensa-anzeige-beendet,Jobmensa,<Unknown>
jobmensa,jobsearch,jobmensa-anzeige-veroeffentlicht,anzeigenkunden.jobmensa-anzeige-veroeffentlicht,Jobmensa,<Unknown>
jobmensa,shinobi,create,jobmensa.job_offers.create,Jobmensa,Phteinpferd
jobmensa,studentenverwaltung,auf-studitemps-auftrag-beworben,bewerbung.auf-studitemps-auftrag-beworben,Jobmensa,Jobmensa
jobmensa,studentenverwaltung,jobmensa-account-geloescht,studentenverwaltung.jobmensa-account-geloescht,Jobmensa,Jobmensa
kandidatenprofil,anzeigenverwaltung,sprachanforderungen-festgelegt,	kandidatenprofil.sprachanforderungen-festgelegt,Phteinpferd,Jobmensa
kandidatenprofil,anzeigenverwaltung,wochenstunden-festgelegt,kandidatenprofil.wochenstunden-festgelegt,Phteinpferd,Jobmensa
kandidatenprofil,matcheese,sprachanforderungen-festgelegt,kandidatenprofil.sprachanforderungen-festgelegt,Phteinpferd,<Unknown>
kandidatenprofil,matcheese,taetigkeitsfelder-festgelegt,kandidatenprofil.taetigkeitsfelder-festgelegt,Phteinpferd,<Unknown>
kandidatenprofil,matcheese,weitere-eigenschaften-gefordert,kandidatenprofil.weitere-eigenschaften-gefordert,Phteinpferd,<Unknown>
kiss,clubhouse,update,kiss.mission.mission_student.update,<Unknown>,StudentServices
kiss,clubhouse,updated,kiss.mission.mission.vbg_types.updated,<Unknown>,StudentServices
kiss,jobmensa,update,kiss.mission.mission_student.update,<Unknown>,Jobmensa
kundenfeedback,shinobi,feedback-zu-student-abgegeben,kundenfeedback.feedback-zu-student-abgegeben,Corporate,Phteinpferd
kundenverwaltung,einsatzplanung,kundenmitarbeiter-aus-filiale-entfernt,kundenverwaltung.kundenmitarbeiter-aus-filiale-entfernt,Corporate,<Unknown>
kundenverwaltung,einsatzplanung,kundenmitarbeiter-registriert,kundenverwaltung.kundenmitarbeiter-registriert,Corporate,<Unknown>
kundenverwaltung,kundenportal_auth,kundenmitarbeiterberechtigungen-beantragt,kundenverwaltung.kundenmitarbeiterberechtigungen-beantragt,Corporate,<Unknown>
legal,shinobi,uev_dokument_generiert,legal.uev_dokument_generiert,<Unknown>,Phteinpferd
matching,matcheese,inbound_domain_events,matcheese.inbound_domain_events,Matcheese,<Unknown>
matching,shinobi,auftrag-fuer-student-vorgeschlagen,matching.auftrag-fuer-student-vorgeschlagen,Matcheese,Phteinpferd
matching,shinobi,student-fuer-auftrag-vorgeschlagen,matching.student-fuer-auftrag-vorgeschlagen,Matcheese,Phteinpferd
personalbestellung,arbeitsentgelt,auftrag-angelegt,personalbestellung.auftrag-angelegt,Corporate,Jehovakel
personalbestellung,kundenverwaltung,bestellung-aufgegeben,personalbestellung.bestellung-aufgegeben,Corporate,Corporate
personalbestellung,rechnungsstellung,auftrag-angelegt,personalbestellung.auftrag-angelegt,Corporate,Jehovakel
personalbestellung,schichtplanung,lege-schicht-an,schichtplanung.lege-schicht-an,Corporate,Phteinpferd
personalbestellung,shinobi,auftrag-angelegt,personalbestellung.auftrag-angelegt,Corporate,Phteinpferd
personalbestellung,vertragsverwaltung,bestellung-aufgegeben,personalbestellung.bestellung-aufgegeben,Corporate,Corporate
qualifizierung,datateam,student-abgesagt,qualifizierung.student-abgesagt,Phteinpferd,<Unknown>
qualifizierung,datateam,student-hinzugefuegt	,qualifizierung.student-hinzugefuegt	,Phteinpferd,<Unknown>
qualifizierung,datateam,student-qualifiziert,qualifizierung.student-qualifiziert,Phteinpferd,<Unknown>
qualifizierung,matcheese,student-abgesagt,qualifizierung.student-abgesagt,Phteinpferd,<Unknown>
qualifizierung,matcheese,student-hinzugefuegt,qualifizierung.student-hinzugefuegt,Phteinpferd,<Unknown>
qualifizierung,matcheese,student-qualifiziert,qualifizierung.student-qualifiziert,Phteinpferd,<Unknown>
rechnungsstellung,freigabe,rechnungsturnus-fuer-auftrag-festgelegt,rechnungsstellung.rechnungsturnus-fuer-auftrag-festgelegt,Jehovakel,Jehovakel
rechnungsstellung,freigabe,rechnungsturnus-fuer-auftrag-geloescht,rechnungsstellung.rechnungsturnus-fuer-auftrag-geloescht,Jehovakel,Jehovakel
rechnungsstellung,legal,rechnungsturnus-fuer-auftrag-festgelegt,rechnungsstellung.rechnungsturnus-fuer-auftrag-festgelegt,Jehovakel,<Unknown>
rechnungsstellung,legal,rechnungsturnus-fuer-auftrag-geloescht,rechnungsstellung.rechnungsturnus-fuer-auftrag-geloescht,Jehovakel,<Unknown>
rechnungsstellung,legal,verrechnungssatz-fuer-auftrag-festgelegt,rechnungsstellung.verrechnungssatz-fuer-auftrag-festgelegt,Jehovakel,<Unknown>
rechnungsstellung,legal,verrechnungssatz-fuer-auftrag-geloescht,rechnungsstellung.verrechnungssatz-fuer-auftrag-geloescht,Jehovakel,<Unknown>
rechnungsstellung,legal,wochenarbeitszeit-fuer-auftrag-festgelegt,rechnungsstellung.wochenarbeitszeit-fuer-auftrag-festgelegt,Jehovakel,<Unknown>
rechnungsstellung,legal,wochenarbeitszeit-fuer-auftrag-geloescht,rechnungsstellung.wochenarbeitszeit-fuer-auftrag-geloescht,Jehovakel,<Unknown>
rechnungsstellung,legal,zahlungsziel-fuer-auftrag-festgelegt,rechnungsstellung.zahlungsziel-fuer-auftrag-festgelegt,Jehovakel,<Unknown>
rechnungsstellung,legal,zahlungsziel-fuer-auftrag-geloescht,rechnungsstellung.zahlungsziel-fuer-auftrag-geloescht,Jehovakel,<Unknown>
rechnungsstellung,legal,zuschlagssatz-fuer-auftrag-festgelegt,rechnungsstellung.zuschlagssatz-fuer-auftrag-festgelegt,Jehovakel,<Unknown>
rechnungsstellung,legal,zuschlagssatz-fuer-auftrag-geloescht,rechnungsstellung.zuschlagssatz-fuer-auftrag-geloescht,Jehovakel,<Unknown>
schichtbestellung,shinobi,erhoehung-der-anzahl-benoetigter-studenten-in-schicht-beantragt,schichtbestellung.erhoehung-der-anzahl-benoetigter-studenten-in-schicht-beantragt,Corporate,Phteinpferd
schichteinbuchung,shinobi,schicht-von-student-gebucht,schichteinbuchung.schicht-von-student-gebucht,<Unknown>,Phteinpferd
schichtplanung,arbeitszeitbestaetigung,schicht-angelegt,schichtplanung.schicht-angelegt,Phteinpferd,Corporate
schichtplanung,arbeitszeitbestaetigung,schicht-entfernt,schichtplanung.schicht-entfernt,Phteinpferd,Corporate
schichtplanung,einsatzplanung,anzahl-benoetigter-studenten-in-schicht-erhoeht,schichtplanung.anzahl-benoetigter-studenten-in-schicht-erhoeht,Phteinpferd,<Unknown>
schichtplanung,einsatzplanung,anzahl-benoetigter-studenten-in-schicht-verringert,schichtplanung.anzahl-benoetigter-studenten-in-schicht-verringert,Phteinpferd,<Unknown>
schichtplanung,einsatzplanung,schicht-angelegt,schichtplanung.schicht-angelegt,Phteinpferd,<Unknown>
schichtplanung,einsatzplanung,schicht-entfernt,schichtplanung.schicht-entfernt,Phteinpferd,<Unknown>
schichtplanung,einsatzplanung,student-aus-schicht-entfernt,schichtplanung.student-aus-schicht-entfernt,Phteinpferd,<Unknown>
schichtplanung,einsatzplanung,student-in-schicht-disponiert,schichtplanung.student-in-schicht-disponiert,Phteinpferd,<Unknown>
schichtplanung,freigabe,student-aus-schicht-entfernt,schichtplanung.student-aus-schicht-entfernt,Phteinpferd,Jehovakel
schichtplanung,freigabe,student-in-schicht-disponiert,schichtplanung.student-in-schicht-disponiert,Phteinpferd,Jehovakel
schichtplanung,kundenfeedback,schicht-angelegt,schichtplanung.schicht-angelegt,Phteinpferd,Corporate
schichtplanung,kundenfeedback,schicht-entfernt,schichtplanung.schicht-entfernt,Phteinpferd,Corporate
schichtplanung,kundenfeedback,student-aus-schicht-entfernt,schichtplanung.student-aus-schicht-entfernt,Phteinpferd,Corporate
schichtplanung,kundenfeedback,student-in-schicht-disponiert,schichtplanung.student-in-schicht-disponiert,Phteinpferd,Corporate
schichtplanung,legal,anzahl-benoetigter-studenten-in-schicht-erhoeht,schichtplanung.anzahl-benoetigter-studenten-in-schicht-erhoeht,Phteinpferd,<Unknown>
schichtplanung,legal,student-aus-schicht-entfernt,schichtplanung.student-aus-schicht-entfernt,Phteinpferd,<Unknown>
schichtplanung,legal,student-in-schicht-disponiert,schichtplanung.student-in-schicht-disponiert,Phteinpferd,<Unknown>
schichtplanung,matcheese,schicht-angelegt,schichtplanung.schicht-angelegt,Phteinpferd,<Unknown>
schichtplanung,matcheese,schicht-entfernt,schichtplanung.schicht-entfernt,Phteinpferd,<Unknown>
schichtplanung,matcheese,student-aus-schicht-entfernt,schichtplanung.student-aus-schicht-entfernt,Phteinpferd,<Unknown>
schichtplanung,matcheese,student-in-schicht-disponiert,schichtplanung.student-in-schicht-disponiert,Phteinpferd,<Unknown>
schichtplanung,personalbestellung,schicht-angelegt,schichtplanung.schicht-angelegt,Phteinpferd,Corporate
schichtplanung,schichtbestellung,anzahl-benoetigter-studenten-in-schicht-erhoeht,schichtplanung.anzahl-benoetigter-studenten-in-schicht-erhoeht,Phteinpferd,Corporate
schichtplanung,schichtbestellung,anzahl-benoetigter-studenten-in-schicht-verringert,schichtplanung.anzahl-benoetigter-studenten-in-schicht-verringert,Phteinpferd,Corporate
schichtplanung,schichtbestellung,besetzungsstand-in-schicht-geaendert,schichtplanung.besetzungsstand-in-schicht-geaendert,Phteinpferd,Corporate
schichtplanung,schichtbestellung,erhoehung-der-anzahl-benoetigter-studenten-in-schicht-abgelehnt,schichtplanung.erhoehung-der-anzahl-benoetigter-studenten-in-schicht-abgelehnt,Phteinpferd,Corporate
schichtplanung,schichtbestellung,schicht-angelegt,schichtplanung.schicht-angelegt,Phteinpferd,Corporate
schichtplanung,schichtbestellung,schicht-anlegen-fehlgeschlagen,schichtplanung.schicht-anlegen-fehlgeschlagen,Phteinpferd,Corporate
schichtplanung,schichtbestellung,schicht-entfernt,schichtplanung.schicht-entfernt,Phteinpferd,Corporate
schichtplanung,schichteinbuchung,besetzungsstand-in-schicht-geaendert,schichtplanung.besetzungsstand-in-schicht-geaendert,Phteinpferd,<Unknown>
schichtplanung,schichteinbuchung,einsatzzeit-buchen-fehlgeschlagen,schichtplanung.einsatzzeit-buchen-fehlgeschlagen,Phteinpferd,<Unknown>
schichtplanung,schichteinbuchung,schicht-angelegt,schichtplanung.schicht-angelegt,Phteinpferd,<Unknown>
schichtplanung,schichteinbuchung,schicht-buchen-fehlgeschlagen,schichtplanung.schicht-buchen-fehlgeschlagen,Phteinpferd,<Unknown>
schichtplanung,schichteinbuchung,schicht-entfernt,schichtplanung.schicht-entfernt,Phteinpferd,<Unknown>
schichtplanung,schichteinbuchung,student-aus-schicht-entfernt,schichtplanung.student-aus-schicht-entfernt,Phteinpferd,<Unknown>
schichtplanung,schichteinbuchung,student-in-schicht-disponiert,schichtplanung.student-in-schicht-disponiert,Phteinpferd,<Unknown>
schichtplanung,studentenanstellung,student-aus-schicht-entfernt,schichtplanung.student-aus-schicht-entfernt,Phteinpferd,StudentServices
schichtplanung,studentenanstellung,student-in-schicht-disponiert,schichtplanung.student-in-schicht-disponiert,Phteinpferd,StudentServices
schichtplanung,sv-einordnung,student-aus-schicht-entfernt,schichtplanung.student-aus-schicht-entfernt,Phteinpferd,Jehovakel
schichtplanung,sv-einordnung,student-in-schicht-disponiert,schichtplanung.student-in-schicht-disponiert,Phteinpferd,Jehovakel
shinobi,jobmensa,beschreibung_korrektur_beantragt,temping.jobmensa_anzeige.beschreibung_korrektur_beantragt,Phteinpferd,Jobmensa
shinobi,jobmensa,eingestellt,temping.student.eingestellt,Phteinpferd,Jobmensa
shinobi,jobmensa,einsatzort_korrigiert,temping.auftrag.einsatzort_korrigiert,Phteinpferd,Jobmensa
shinobi,jobmensa,erstellt,temping.jobmensa_anzeige.erstellt,Phteinpferd,Jobmensa
shinobi,jobmensa,gekuendigt,temping.student.gekuendigt,Phteinpferd,Jobmensa
shinobi,jobmensa,geloescht,temping.jobmensa_anzeige.geloescht,Phteinpferd,Jobmensa
shinobi,jobmensa,jobmensa-anzeige-deaktivierung-beauftragt,temping.jobmensa-anzeige-deaktivierung-beauftragt,Phteinpferd,Jobmensa
shinobi,jobmensa,kandidat_abgelehnt,temping.auftrag.kandidat_abgelehnt,Phteinpferd,Jobmensa
shinobi,jobmensa,reaktivierung_beantragt,temping.jobmensa_anzeige.reaktivierung_beantragt,Phteinpferd,Jobmensa
shinobi,jobmensa,student_eingestellt,temping.einsatz.student_eingestellt,Phteinpferd,Jobmensa
shinobi,jobmensa,student_gekuendigt,temping.einsatz.student_gekuendigt,Phteinpferd,Jobmensa
shinobi,jobmensa,stundenlohn_korrigiert,temping.auftrag.stundenlohn_korrigiert,Phteinpferd,Jobmensa
shinobi,jobmensa,titel_korrektur_beantragt,temping.jobmensa_anzeige.titel_korrektur_beantragt,Phteinpferd,Jobmensa
shinobi,legal,einsatzbeginn_korrigiert,temping.auftrag.einsatzbeginn_korrigiert,Phteinpferd,<Unknown>
shinobi,legal,einsatzende_korrigiert,temping.auftrag.einsatzende_korrigiert,Phteinpferd,<Unknown>
shinobi,legal,einsatzort_korrigiert,temping.auftrag.einsatzort_korrigiert,Phteinpferd,<Unknown>
shinobi,legal,korrigiert,temping.unternehmen.kontakt.korrigiert,Phteinpferd,<Unknown>
shinobi,legal,maximale_anzahl_studenten_korrigiert,temping.auftrag.maximale_anzahl_studenten_korrigiert,Phteinpferd,<Unknown>
shinobi,legal,rahmenvertrag_beauftragt,temping.auftrag.rahmenvertrag_beauftragt,Phteinpferd,<Unknown>
shinobi,legal,schicht_erstellt,temping.auftrag.schicht_erstellt,Phteinpferd,<Unknown>
shinobi,legal,schichten_hinzugefuegt	,temping.auftrag.schichten_hinzugefuegt	,Phteinpferd,<Unknown>
shinobi,legal,schichtplan_freigegeben,temping.auftrag.schichtplan_freigegeben,Phteinpferd,<Unknown>
shinobi,legal,uev_beauftragt,temping.lease_agreement.uev_beauftragt,Phteinpferd,<Unknown>
shinobi,legal,unternehmen_adresse_korrigiert,temping.auftrag.unternehmen_adresse_korrigiert,Phteinpferd,<Unknown>
shinobi,legal,unternehmen_ansprechpartner_korrigiert,temping.auftrag.unternehmen_ansprechpartner_korrigiert,Phteinpferd,<Unknown>
shinobi,legal,unternehmen_name_korrigiert,temping.auftrag.unternehmen_name_korrigiert,Phteinpferd,<Unknown>
shinobi,legal,verrechnungssatz_korrigiert,temping.auftrag.verrechnungssatz_korrigiert,Phteinpferd,<Unknown>
shinobi,legal,wochenarbeitszeit_fuer_abrechnung_korrigiert,temping.auftrag.wochenarbeitszeit_fuer_abrechnung_korrigiert,Phteinpferd,<Unknown>
shinobi,studentenanstellung,langzeitvertrag-beantragt,studentenanstellung.langzeitvertrag-beantragt,Phteinpferd,StudentServices
shinobi,studentenanstellung,langzeitvertrag-durch-student-gekuendigt,studentenanstellung.langzeitvertrag-durch-student-gekuendigt,Phteinpferd,StudentServices
shinobi,studentenanstellung,langzeitvertrag-durch-studitemps-gekuendigt,studentenanstellung.langzeitvertrag-durch-studitemps-gekuendigt,Phteinpferd,StudentServices
shinobi,studentenverwaltung,student-fuer-studitemps-geeignet,assessment.student-fuer-studitemps-geeignet,Phteinpferd,Jobmensa
shinobi,studentenverwaltung,student-nicht-fuer-studitemps-geeignet,assessment.student-nicht-fuer-studitemps-geeignet,Phteinpferd,Jobmensa
shinobi,sv-einordnung,langzeitvertrag-durch-student-gekuendigt,studentenanstellung.langzeitvertrag-durch-student-gekuendigt,Phteinpferd,Jehovakel
shinobi,sv-einordnung,langzeitvertrag-durch-studitemps-gekuendigt,studentenanstellung.langzeitvertrag-durch-studitemps-gekuendigt,Phteinpferd,Jehovakel
sourcing,anzeigenverwaltung,jobmensa-anzeige-beendet,sourcing.jobmensa-anzeige-beendet,Jobmensa,Jobmensa
sourcing,anzeigenverwaltung,jobmensa-anzeige-veroeffentlicht,sourcing.jobmensa-anzeige-veroeffentlicht,Jobmensa,Jobmensa
sourcing,datateam,jobmensa-anzeige-beendet,sourcing.jobmensa-anzeige-beendet,Jobmensa,<Unknown>
sourcing,datateam,jobmensa-anzeige-veroeffentlicht,sourcing.jobmensa-anzeige-veroeffentlicht,Jobmensa,<Unknown>
sourcing,shinobi,jobmensa-anzeige-beendet,sourcing.jobmensa-anzeige-beendet,Jobmensa,Phteinpferd
sourcing,shinobi,jobmensa-anzeige-veroeffentlicht,sourcing.jobmensa-anzeige-veroeffentlicht,Jobmensa,Phteinpferd
stellenprofil,arbeitsentgelt,einsatzort-festgelegt,stellenprofil.einsatzort-festgelegt,Phteinpferd,Jehovakel
stellenprofil,einsatzplanung,einsatzort-festgelegt,stellenprofil.einsatzort-festgelegt,Phteinpferd,<Unknown>
stellenprofil,kundenfeedback,einsatzort-festgelegt,stellenprofil.einsatzort-festgelegt,Phteinpferd,Corporate
stellenprofil,legal,einsatzort-festgelegt,stellenprofil.einsatzort-festgelegt,Phteinpferd,<Unknown>
stellenprofil,matcheese,einsatzort-festgelegt,stellenprofil.einsatzort-festgelegt,Phteinpferd,<Unknown>
stellenprofil,rechnungsstellung,einsatzort-festgelegt,stellenprofil.einsatzort-festgelegt,Phteinpferd,Jehovakel
stellenprofil,schichtbestellung,einsatzort-festgelegt,stellenprofil.einsatzort-festgelegt,Phteinpferd,Corporate
stellenprofil,studentenanstellung,einsatzort-festgelegt,stellenprofil.einsatzort-festgelegt,Phteinpferd,StudentServices
stellenprofil,sv-einordnung,einsatzort-festgelegt,stellenprofil.einsatzort-festgelegt,Phteinpferd,Jehovakel
studentenanstellung,shinobi,langzeitvertrag-versendet,studentenanstellung.langzeitvertrag-versendet,StudentServices,Phteinpferd
studentenanstellung,shinobi,wochenvertrag-versendet,studentenanstellung.wochenvertrag-versendet,StudentServices,Phteinpferd
studentenanstellung,sv-einordnung,langzeitvertrag-durch-student-gekuendigt,studentenanstellung.langzeitvertrag-durch-student-gekuendigt,StudentServices,Jehovakel
studentenanstellung,sv-einordnung,langzeitvertrag-durch-studitemps-gekuendigt,studentenanstellung.langzeitvertrag-durch-studitemps-gekuendigt,StudentServices,Jehovakel
studentenanstellung,sv-einordnung,langzeitvertrag-kuendigung-abgelehnt,studentenanstellung.langzeitvertrag-kuendigung-abgelehnt,StudentServices,Jehovakel
studentenanstellung,sv-einordnung,langzeitvertrag-versendet,studentenanstellung.langzeitvertrag-versendet,StudentServices,Jehovakel
studentenanstellung,sv-einordnung,wochenvertrag-versendet,studentenanstellung.wochenvertrag-versendet,StudentServices,Jehovakel
studentenstammdaten,datateam,interesse-an-jobvalley-job-bekundet,studentenstammdaten.interesse-an-jobvalley-job-bekundet,StudentServices,<Unknown>
studentenstammdaten,einsatzplanung,geburtsdatum-angegeben,studentenstammdaten.geburtsdatum-angegeben,StudentServices,<Unknown>
studentenstammdaten,einsatzplanung,name-angegeben,studentenstammdaten.name-angegeben,StudentServices,<Unknown>
studentenstammdaten,kundenfeedback,name-angegeben,studentenstammdaten.name-angegeben,StudentServices,Corporate
studentenstammdaten,matcheese,anschrift-angegeben,studentenstammdaten.anschrift-angegeben,StudentServices,<Unknown>
studentenstammdaten,matcheese,verfuegbarkeiten-angegeben,studentenstammdaten.verfuegbarkeiten-angegeben,StudentServices,<Unknown>
studentenstammdaten,shinobi,anschrift-angegeben,studentenstammdaten.anschrift-angegeben,StudentServices,Phteinpferd
studentenstammdaten,shinobi,berufserfahrung-angegeben,studentenstammdaten.berufserfahrung-angegeben,StudentServices,Phteinpferd
studentenstammdaten,shinobi,email-adresse-angegeben,studentenstammdaten.email-adresse-angegeben,StudentServices,Phteinpferd
studentenstammdaten,shinobi,geburtsdatum-angegeben,studentenstammdaten.geburtsdatum-angegeben,StudentServices,Phteinpferd
studentenstammdaten,shinobi,geschlecht-angegeben,studentenstammdaten.geschlecht-angegeben,StudentServices,Phteinpferd
studentenstammdaten,shinobi,interesse-an-jobvalley-job-bekundet,studentenstammdaten.interesse-an-jobvalley-job-bekundet,StudentServices,Phteinpferd
studentenstammdaten,shinobi,mobilnummer-angegeben,studentenstammdaten.mobilnummer-angegeben,StudentServices,Phteinpferd
studentenstammdaten,shinobi,name-angegeben,studentenstammdaten.name-angegeben,StudentServices,Phteinpferd
studentenstammdaten,shinobi,profilbild-hinterlegt,studentenstammdaten.profilbild-hinterlegt,StudentServices,Phteinpferd
studentenstammdaten,shinobi,staatsangehoerigkeit-angegeben,studentenstammdaten.staatsangehoerigkeit-angegeben,StudentServices,Phteinpferd
studentenstammdaten,shinobi,studentenstatus-angegeben,studentenstammdaten.studentenstatus-angegeben,StudentServices,Phteinpferd
studentenverwaltung,datateam,aktuelles-studium-festgelegt,studentenverwaltung.aktuelles-studium-festgelegt,Jobmensa,<Unknown>
studentenverwaltung,datateam,verfuegbarkeiten-angegeben,studentenverwaltung.verfuegbarkeiten-angegeben,Jobmensa,<Unknown>
studentenverwaltung,einsatzplanung,geburtstag-angegeben,studentenverwaltung.geburtstag-angegeben,Jobmensa,<Unknown>
studentenverwaltung,einsatzplanung,name-angegeben,studentenverwaltung.name-angegeben,Jobmensa,<Unknown>
studentenverwaltung,einsatzplanung,profilfoto-festgelegt,studentenverwaltung.profilfoto-festgelegt,Jobmensa,<Unknown>
studentenverwaltung,kundenfeedback,name-angegeben,studentenverwaltung.name-angegeben,Jobmensa,Corporate
studentenverwaltung,kundenfeedback,profilfoto-festgelegt,studentenverwaltung.profilfoto-festgelegt,Jobmensa,Corporate
studentenverwaltung,matcheese,jobvalley-account-angelegt,studentenverwaltung.jobvalley-account-angelegt,Jobmensa,<Unknown>
studentenverwaltung,shinobi,angaben-von-arbeitserlaubnis-bestaetigt,studentenverwaltung.angaben-von-arbeitserlaubnis-bestaetigt,Jobmensa,Phteinpferd
studentenverwaltung,shinobi,angaben-von-studienbescheinigung-bestaetigt,studentenverwaltung.angaben-von-studienbescheinigung-bestaetigt,Jobmensa,Phteinpferd
studentenverwaltung,shinobi,app-account-geloescht,studentenverwaltung.app-account-geloescht,Jobmensa,Phteinpferd
studentenverwaltung,shinobi,arbeitserlaubnis-abgelehnt,studentenverwaltung.arbeitserlaubnis-abgelehnt,Jobmensa,Phteinpferd
studentenverwaltung,shinobi,jobvalley-account-angelegt,studentenverwaltung.jobvalley-account-angelegt,Jobmensa,Phteinpferd
studentenverwaltung,shinobi,studienbescheinigung-abgelehnt,studentenverwaltung.studienbescheinigung-abgelehnt,Jobmensa,Phteinpferd
studentenzeiterfassung,arbeitszeitbestaetigung,arbeitszeit-von-student-geloescht,studentenzeiterfassung.arbeitszeit-von-student-geloescht,StudentServices,Corporate
studentenzeiterfassung,freigabe,arbeitszeit-von-student-erfasst,studentenzeiterfassung.arbeitszeit-von-student-erfasst,StudentServices,Jehovakel
studentenzeiterfassung,freigabe,arbeitszeit-von-student-geloescht,studentenzeiterfassung.arbeitszeit-von-student-geloescht,StudentServices,Jehovakel
temping,einsatzplanung,einsatzort_korrigiert,temping.auftrag.einsatzort_korrigiert,Phteinpferd,<Unknown>
temping,einsatzplanung,entfernt,temping.schicht.entfernt,Phteinpferd,<Unknown>
temping,einsatzplanung,erkrankung-gemeldet,temping.erkrankung-gemeldet,Phteinpferd,<Unknown>
temping,einsatzplanung,krankmeldung-zurueckgezogen,temping.krankmeldung-zurueckgezogen,Phteinpferd,<Unknown>
temping,einsatzplanung,student-unentschuldigt-gefehlt,temping.student-unentschuldigt-gefehlt,Phteinpferd,<Unknown>
temping,einsatzplanung,student-unentschuldigt-gefehlt-entfernt,temping.student-unentschuldigt-gefehlt-entfernt,Phteinpferd,<Unknown>
temping,einsatzplanung,taetigkeit_korrigiert,temping.auftrag.taetigkeit_korrigiert,Phteinpferd,<Unknown>
temping,einsatzplanung,unternehmen_name_korrigiert,temping.auftrag.unternehmen_name_korrigiert,Phteinpferd,<Unknown>
temping,freigabe,erkrankung-gemeldet,temping.erkrankung-gemeldet,Phteinpferd,Jehovakel
temping,freigabe,krankmeldung-zurueckgezogen,temping.krankmeldung-zurueckgezogen,Phteinpferd,Jehovakel
temping,freigabe,student-unentschuldigt-gefehlt,temping.student-unentschuldigt-gefehlt,Phteinpferd,Jehovakel
temping,freigabe,student-unentschuldigt-gefehlt-entfernt,temping.student-unentschuldigt-gefehlt-entfernt,Phteinpferd,Jehovakel
temping,freigabe,urlaub-gewaehrt,temping.urlaub-gewaehrt,Phteinpferd,Jehovakel
temping,freigabe,urlaub-storniert,temping.urlaub-storniert,Phteinpferd,Jehovakel
temping,kundenfeedback,erkrankung-gemeldet,temping.erkrankung-gemeldet,Phteinpferd,Corporate
temping,kundenfeedback,krankmeldung-zurueckgezogen,temping.krankmeldung-zurueckgezogen,Phteinpferd,Corporate
temping,kundenverwaltung,unternehmen_name_korrigiert,temping.auftrag.unternehmen_name_korrigiert,Phteinpferd,Corporate
temping,matcheese,einsatzende-festgelegt,temping.einsatzende-festgelegt,Phteinpferd,<Unknown>
temping,matcheese,erstqualifizierung-absolviert,temping.erstqualifizierung-absolviert,Phteinpferd,<Unknown>
temping,matcheese,erstqualifizierung-zurueckgezogen,temping.erstqualifizierung-zurueckgezogen,Phteinpferd,<Unknown>
temping,schichtbestellung,einsatzende-festgelegt,temping.einsatzende-festgelegt,Phteinpferd,Corporate
timetracking,rechnungsstellung,arbeitnehmerdaten-fuer-arbeitszeit,timetracking.arbeitnehmerdaten-fuer-arbeitszeit,<Unknown>,Jehovakel
timetracking,rechnungsstellung,arbeitszeit-um-zusatz-erweitert,timetracking.arbeitszeit-um-zusatz-erweitert,<Unknown>,Jehovakel
vertragsverwaltung,east,self-service-auev-beidseitig-gezeichnet,vertragsverwaltung.self-service-auev-beidseitig-gezeichnet,Corporate,<Unknown>
vertragsverwaltung,personalbestellung,self-service-auev-beidseitig-gezeichnet,vertragsverwaltung.self-service-auev-beidseitig-gezeichnet,Corporate,Corporate
vertragsverwaltung,personalbestellung,self-service-auev-fuer-elektronische-signatur-freigegeben,vertragsverwaltung.self-service-auev-fuer-elektronische-signatur-freigegeben,Corporate,Corporate
